123123fsdf,123123sdfsdf,true,
fdsfsd,sdfsdfsdf,false,
fdsfsd,sdfsdfsdf,false,
fdsfsd,sdfsdfsdf,false,
fdsfsd,sdfsdfsdf,false,
fdsfsd,sdfsdfsdf,false,
fdsfsd,sdfsdfsdf,false,
fdsfsd,sdfsdfsdf,false,
fdsfsd,sdfsdfsdf,false,
fdsfsd,sdfsdfsdf,false,
fdsfsd,sdfsdfsdf,false,
fdsfsd,sdfsdfsdf,false,
fdsfsd,sdfsdfsdf,false,
fdsfsd,sdfsdfsdf,false,
,,false,
123123,123123123,false,
123123,123123123,false,
10,10,10,10,11,11,false,
231,123123,,
231,123123,,
231,123123,,
231,123123,,
231,123123,,
231,123123,,
231,12312309809,,
